method,Метод,Категория,ROC-AUC,PR-AUC,F1,P@100,NDCG@100,P@500,NDCG@500
clue,CLUE,Последовательные,0.991456824284775,0.809111958448676,0.7731481481481481,1.0,1.0000000000000007,0.998,0.9983023787357437
nhfm,NHFM,Последовательные,0.9832519406442677,0.707797954104528,0.6846388606307223,0.99,0.9894422749760573,0.978,0.9799859136049579
lgbm,LightGBM,Baseline,0.9033039198057785,0.5457133903934721,0.57653201428964,1.0,1.0000000000000004,0.95,0.9587466715137535
lr,Logistic Regression,Baseline,0.9311485063666345,0.13222684901001944,0.3041907514450867,0.0,0.0,0.018,0.01817881786731009
graphrfi,GraphRfi,Графовые,0.5445142180682506,0.08427593726919233,0.1412478336221837,1.0,1.0000000000000004,0.344,0.43952573620317903
spade,SPADE,Последовательные,0.6187469898402853,0.07510358849561463,0.15399933620975773,0.65,0.6600782966951712,0.388,0.4285729976284034
ctkt,CTKT,Матричная факторизация,0.8940800388082956,0.06820340895646652,0.14488636363636365,0.26,0.24578926667339895,0.166,0.17396246076082333
ethaegis,EthAegis,Графовые,0.8484098722484196,0.017742913259023232,0.04172861532361979,0.05,0.022035539504331222,0.022,0.022035539504331205
gipm3f,GiPM3F,Матричная факторизация,0.5356854466272538,0.011466114995459223,0.037692484486324986,0.02,0.033472803347280346,0.04,0.039350718973234756
