method,label,pr_auc,pr_ci,roc_auc,roc_ci
clue,CLUE,0.809111958448676,"[0.793, 0.824]",0.991456824284775,"[0.989, 0.993]"
nhfm,NHFM,0.707797954104528,"[0.688, 0.726]",0.9832519406442677,"[0.980, 0.986]"
lgbm,LightGBM,0.5457133903934721,"[0.525, 0.567]",0.9033039198057785,"[0.894, 0.913]"
lr,Logistic Regression,0.13222684901001944,"[0.123, 0.142]",0.9311485063666345,"[0.926, 0.936]"
graphrfi,GraphRfi,0.08427593726919233,"[0.072, 0.095]",0.5445142180682506,"[0.532, 0.557]"
spade,SPADE,0.07510358849561463,"[0.063, 0.089]",0.6187469898402853,"[0.603, 0.634]"
ctkt,CTKT,0.06814280950551403,"[0.062, 0.076]",0.8940464284373139,"[0.888, 0.901]"
ethaegis,EthAegis,0.017742913259023232,"[0.017, 0.019]",0.8484098722484196,"[0.841, 0.856]"
gipm3f,GiPM3F,0.011466114995459223,"[0.010, 0.013]",0.5356854466272538,"[0.517, 0.554]"
